,type,count,frequency
0,illustrated book,196,0.8672566371681416
1,portfolio,19,0.084070796460177
2,associated work,7,0.030973451327433628
3,periodical,3,0.01327433628318584
4,series,1,0.004424778761061947
